Item,Quantity,Reference,ASSY,Value,Rating,PCB Footprint,PN,Part Type,Manufacturer,Manufacturer Part Number,Description,Temperature
DNP-1,1,R186,DNP,470R,5%,R0402,301010013,RES,YAGEO,RC0402JR-07470RL,SMD RES 470R-5%-1/16W;0402,-55°C to 155°C
DNP-2,2,"R25,R30",DNP,5.1K,5%,R0402,301010017,RES,YAGEO,RC0402JR-075K1L,SMD RES 5.1K-5%-1/16W;0402,-55°C to 155°C
DNP-3,1,R400,DNP,0R,5%,R1206,301010407,RES,YAGEO,RC1206JR-070RL,SMD RES 0R-5%-1/4W;1206,-55°C to 155°C
DNP-4,2,"R353,R356",DNP,100K,1%,R0402,301010456,RES,YAGEO,RC0402FR-07100KL,SMD RES 100K-1%-1/16W;0402,-55°C to 155°C
DNP-5,1,R37,DNP,100R,1%,R0201,301010524,RES,YAGEO,RC0201FR-07100RL,SMD RES 100R-±1%-1/20W;0201,-55°C to 125°C
DNP-6,3,"R289,R339,R362",DNP,0R,1%,R0201,301010525,RES,YAGEO,RC0201FR-070RL,SMD RES 0R-±1%-1/20W;0201,-55°C to 125°C
DNP-7,28,"R11,R13,R18,R19,R107,R112,R115,R119,R121,R123,R124,R135,R137,R139,R143,R152,R156,R231,R233,R241,R246,R258,R268,R270,R367,R384,R385,R394",DNP,10K,1%,R0201,301010526,RES,YAGEO,RC0201FR-0710KL,SMD RES 10K-±1%-1/20W;0201,-55°C to 125°C
DNP-8,1,R355,DNP,11K,1%,R0402,301010568,RES,YAGEO,RC0402FR-0711KL,SMD RES;11K-1%-1/16W-0402,-55°C to 155°C
DNP-9,3,"R285,R292,R293",DNP,4.7K,1%,R0402,301010633,RES,YAGEO,RC0402FR-074K7L,SMD RES;4.7K-1%-1/16W-0402,-55°C to 155°C
DNP-10,5,"R168,R175,R180,R185,R197",DNP,2.49K,1%,R0402,301010856,RES,YAGEO,RC0402FR-072K49L,SMD RES 2.49K-1%-1/16W;0402,-55°C to 155°C
DNP-11,5,"R167,R170,R179,R184,R196",DNP,5.76K,1%,R0402,301013075,RES,YAGEO,RC0402FR-075K76L,SMD RES 5.76K-1%-1/16W;0402,-55°C to 155°C
DNP-12,12,"C114,C240,C243,C281,C282,C331,C332,C333,C362,C366,C400,C420",DNP,1uF,"10V,X5R",C0402,302010040,Ceramic,YAGEO,CC0402KRX5R6BB105,SMD CAP Ceramic 1uF-10V-10%-X5R;0402,-55°C to 85°C
DNP-13,13,"C102,C104,C107,C376,C391,C395,C403,C411,C423,C424,C425,C448,C450",DNP,470nF,"10V,X5R",C0402,302010232,Ceramic,YAGEO,CC0402KRX5R6BB474,SMD CAP Ceramic 470nF-10V-10%-X5R;0402,-55°C to 85°C
DNP-14,2,"C539,C544",DNP,10nF,"16V,X7R",C0201,302010431,Ceramic,YAGEO,CC0201KRX7R7BB103,SMD CAP Ceramic 10nF-16V-10%-X7R;0201,-55°C to 125°C
DNP-15,1,C548,DNP,33pF,"50V,NPO",C0201,302010741,Ceramic,YAGEO,CC0201JRNPO9BN330,SMD CAP Ceramic 33pF-50V-5%-NPO;0201,-55°C to 125°C
DNP-16,1,C1,DNP,47uF,"10V,X5R",C1206,302011605,Ceramic,YAGEO,CC1206MKX5R6BB476,SMD CAP Ceramic 47uF-10V-20%-X5R;1206,-55°C to 85°C
DNP-17,1,C557,DNP,1nF,"2KV,X7R",C1206,302011962,Ceramic,YAGEO,CC1206KKX7RDBB102,SMD CAP Ceramic 1nF-2kV-10%-X7R;1206,-55°C to 125°C
DNP-18,1,FL9,DNP,120R,2A,L0603,303030024,Ferrite Bead,Murata,BLM18PG121SN1D,SMD Ferrite Bead;120R-2A;0603,-55°C to 125°C
DNP-19,1,J11,DNP,TC2050-IDC,,Connect10_1d27_12_4x6_7mm,TMP-43,,,,"CONN, Header, TC2050-IDC, 2*5P, SMD",
DNP-20,19,"TP1,TP2,TP3,TP4,TP5,TP6,TP7,TP8,TP9,TP10,TP11,TP12,TP13,TP14,TP17,TP18,TP19,TP20,TP21",DNP,Test Point,,TP30C_SMD,TP30C_SMD,Test Point,,,Test Point;TP30C_SMD,
DNP-21,2,"TP15,TP16",DNP,Test Point,,TP60C_SMD,TP60C_SMD,Test Point,,,Test Point;TP60C_SMD,
DNP-22,4,"MH1,MH2,MH3,MH9",DNP,Hole 3.175MM,,MTGH200C125D_PL,,Mhole,,,"Hole Point;3.175MM,5.08MM",
1,9,"R8,R157,R192,R365,R368,R369,R370,R371,R372",,1K,5%,R0402,301010006,RES,YAGEO,RC0402JR-071KL,SMD RES 1K-5%-1/16W;0402,-55°C to 155°C
2,2,"R183,R191",,470R,5%,R0402,301010013,RES,YAGEO,RC0402JR-07470RL,SMD RES 470R-5%-1/16W;0402,-55°C to 155°C
3,1,R295,,1M,1%,R0402,301010043,RES,YAGEO,RC0402FR-071ML,SMD RES 1M-1%-1/16W;0402,-55°C to 155°C
4,1,R141,,3K,1%,R0402,301010068,RES,YAGEO,RC0402FR-073KL,SMD RES 3K-1%-1/16W;0402,-55°C to 155°C
5,5,"R16,R86,R296,R352,R354",,20K,1%,R0402,301010072,RES,YAGEO,RC0402FR-0720KL,SMD RES 20K-1%-1/16W;0402,-55°C to 155°C 
6,1,R82,,200K,1%,R0402,301010081,RES,YAGEO,RC0402FR-07200KL,SMD RES 200K-1%-1/16W;0402,-55°C to 155°C
7,1,R399,,4.7K,5%,R0805,301010306,RES,YAGEO,RC0805JR-074K7L,SMD RES 4.7K-5%-1/8W;0805,-55°C to 155°C
8,1,R9,,0R,5%,R1206,301010407,RES,YAGEO,RC1206JR-070RL,SMD RES 0R-5%-1/4W;1206,-55°C to 155°C
9,2,"R80,R318",,10R,1%,R0402,301010444,RES,YAGEO,RC0402FR-0710RL,SMD RES 10R-1%-1/16W;0402,-55°C to 155°C
10,6,"R85,R298,R307,R311,R346,R347",,100K,1%,R0402,301010456,RES,YAGEO,RC0402FR-07100KL,SMD RES 100K-1%-1/16W;0402,-55°C to 155°C
11,96,"R1,R4,R7,R12,R15,R23,R26,R46,R48,R49,R53,R55,R57,R60,R61,R62,R67,R69,R72,R73,R77,R78,R93,R95,R101,R103,R104,R105,R108,R109,R127,R128,R129,R130,R131,R132,R150,R151,R158,R172,R174,R176,R194,R200,R206,R211,R217,R219,R220,R221,R222,R223,R224,R226,R227,R234,R239,R240,R242,R245,R250,R251,R252,R253,R254,R255,R256,R257,R260,R264,R278,R279,R280,R281,R282,R283,R284,R288,R300,R302,R308,R309,R313,R316,R338,R349,R351,R373,R375,R377,R378,R379,R392,R393,R395,R396",,0R,1%,R0201,301010525,RES,YAGEO,RC0201FR-070RL,SMD RES 0R-±1%-1/20W;0201,-55°C to 125°C
12,95,"R5,R10,R21,R24,R27,R28,R36,R38,R39,R40,R44,R47,R56,R65,R66,R68,R70,R79,R84,R87,R106,R110,R113,R114,R116,R117,R118,R120,R125,R126,R133,R136,R138,R140,R144,R145,R146,R148,R149,R153,R155,R161,R162,R163,R169,R171,R173,R177,R178,R182,R187,R193,R218,R228,R229,R232,R238,R243,R244,R247,R259,R261,R262,R263,R265,R266,R267,R269,R271,R272,R273,R276,R297,R301,R314,R315,R317,R329,R331,R332,R337,R345,R357,R358,R359,R360,R363,R364,R366,R374,R376,R380,R381,R382,R383",,10K,1%,R0201,301010526,RES,YAGEO,RC0201FR-0710KL,SMD RES 10K-±1%-1/20W;0201,-55°C to 125°C
13,2,"R142,R154",,11K,1%,R0402,301010568,RES,YAGEO,RC0402FR-0711KL,SMD RES;11K-1%-1/16W-0402,-55°C to 155°C
14,1,R299,,4.99K,1%,R0402,301010572,RES,YAGEO,RC0402FR-074K99L,SMD RES;4.99K-1/16W-1%-0402,-55°C to 155°C
15,12,"R6,R14,R17,R22,R159,R160,R165,R286,R287,R291,R294,R310",,4.7K,1%,R0402,301010633,RES,YAGEO,RC0402FR-074K7L,SMD RES;4.7K-1%-1/16W-0402,-55°C to 155°C
16,36,"R41,R122,R190,R198,R205,R207,R208,R212,R213,R214,R215,R216,R225,R230,R237,R248,R249,R274,R275,R304,R305,R319,R321,R323,R325,R327,R340,R341,R342,R343,R386,R387,R388,R389,R390,R391",,33R,5%,R0201,301010675,RES,YAGEO,RC0201JR-0733RL,SMD RES;33R-5%-1/20W;0201,-55°C to 125°C
17,18,"R188,R189,R201,R202,R203,R303,R320,R322,R324,R326,R328,R333,R334,R335,R336,R361,R397,R398",,47K,5%,R0201,301010678,RES,YAGEO,RC0201JR-0747KL,SMD RES;47K-5%-1/20W;0201,-55°C to 125°C
18,20,"R20,R50,R51,R52,R54,R63,R64,R75,R76,R102,R111,R134,R147,R181,R199,R209,R210,R235,R236,R330",,2.2K,1%,R0201,301010753,RES,YAGEO,RC0201FR-072K2L,SMD RES 2.2K-1%-1/20W;0201,-55°C to 125°C
19,1,R195,,2.49K,1%,R0402,301010856,RES,YAGEO,RC0402FR-072K49L,SMD RES 2.49K-1%-1/16W;0402,-55°C to 155°C
20,1,R344,,8.06K,1%,R0402,301010861,RES,YAGEO,RC0402FR-078K06L,SMD RES 8.06K-1%-1/16W;0402,-55°C to 155°C
21,1,R312,,52.3K,1%,R0402,301011070,RES,YAGEO,RC0402FR-0752K3L,SMD RES 52.3K-1/16W-1%;0402,-55°C to 155°C
22,3,"R42,R43,R83",,240R,1%,R0201,301011318,RES,YAGEO,RC0201FR-07240RL,SMD RES 240R-1%-1/20W;0201,-55°C to 125°C
23,1,R350,,13K,1%,R0402,301011848,RES,YAGEO,RC0402FR-0713KL,SMD RES 13K-1%-1/16W;0402,-55°C to 155°C
24,1,R59,,44.2K,1%,R0402,301011887,RES,YAGEO,RC0402FR-0744K2L,SMD RES 44.2K-1%-1/16W;0402,-55°C to 155°C
25,1,R71,,9.09K,1%,R0402,301011914,RES,Panasonic,ERJ-2RKF9091X,SMD RES 9.09K-1%-1/10W;0402,-55°C to 155°C
26,1,R348,,82.5K,1%,R0402,301011920,RES,Vishay,CRCW040282K5FKED,RES SMD 82.5K-1%-1/16W;0402,-55°C to 155°C
27,2,"R91,R96",,49.9R,1%,R0201,301012326,RES,YAGEO,RC0201FR-0749R9L,SMD RES 49.9R-1%-1/20W;0201,-55°C to 125°C
28,5,"R81,R90,R92,R98,R99",,499R,1%,R0402,301012386,RES,YAGEO,RC0402FR-07499RL,SMD RES 499R-1%-1/16W;0402,-55°C to 155°C
29,1,R277,,1.87K,1%,R0402,301012683,RES,YAGEO,RC0402FR-071K87L,SMD RES 1.87k-1%-1/16W;0402,-55°C to 155°C
30,5,"R88,R89,R94,R97,R100",,3.01K,1%,R0402,301012826,RES,YAGEO,RC0402FR-073K01L,SMD RES 3.01K-1%-1/16W;0402,-55°C to 155°C
31,1,R290,,9.53K,1%,R0402,301013066,RES,YAGEO,RC0402FR-079K53L,SMD RES 9.53K-1%-1/16W;0402,-55°C to 155°C
32,1,R306,,909K,1%,R0402,301013073,RES,YAGEO,RC0402FR-07909KL,SMD RES-909K-1%-1/16W;0402,-55°C to 155°C
33,1,R204,,5.76K,1%,R0402,301013075,RES,YAGEO,RC0402FR-075K76L,SMD RES 5.76K-1%-1/16W;0402,-55°C to 155°C
34,1,R74,,16.5K,1%,R0201,301013267,RES,YAGEO,RC0201FR-0716K5L,SMD RES;16.5K-1%-1/20W;0201,-55°C to 125°C
35,1,R58,,3.4K,1%,R0201,301013268,RES,YAGEO,RC0201FR-073K4L,SMD RES;3.4K-1%-1/20W;0201,-55°C to 125°C
36,1,R3,,21K,1%,R0201,301013269,RES,YAGEO,RC0201FR-0721KL,SMD RES;21K-1%-1/20W;0201,-55°C to 125°C
37,1,R2,,26.1K,1%,R0201,301013270,RES,YAGEO,RC0201FR-0726K1L,SMD RES;26.1K-1%-1/20W;0201,-55°C to 125°C
38,1,R45,,2.05K,1%,R0201,301013271,RES,YAGEO,RC0201FR-072K05L,SMD RES;2.05K-1%-1/20W;0201,-55°C to 125°C
39,1,R35,,0.005R,1%,R1206,301013272,RES,YAGEO,PA1206FRE470R005L,SMD RES;0.005R-1%-50ppm/°C-1W;1206,-55°C to 170°C
40,5,"R29,R31,R32,R33,R34",,0R,4A,R0406,301013275,RES,Vishay,RCA04060000Z0EALS,SMD RES;0R-Jumper-10mR-4A-1/4W;0406,-55°C to 155°C
41,1,R164,,1.69K,1%,R0402,301013290,RES,YAGEO,RC0402FR-071K69L,SMD RES 1.69K-1%-1/16W;0402,-55°C to 155°C
42,1,R166,,3.57K,1%,R0402,301013291,RES,YAGEO,RC0402FR-073K57L,SMD RES 3.57K-1%-1/16W;0402,-55°C to 155°C
43,3,"C328,C334,C504",,10pF,"50V,NPO",C0402,302010001,Ceramic,YAGEO,CC0402JRNPO9BN100,SMD CAP Ceramic 10pF-50V-5%-NPO;0402,-55°C to 125°C
44,1,C455,,220pF,"50V,NPO",C0402,302010013,Ceramic,YAGEO,CC0402JRNPO9BN221,SMD CAP Ceramic 220pF-50V-5%-NPO;0402,-55°C to 125°C
45,4,"C11,C36,C92,C406",,100nF,"25V,X7R",C0402,302010024,Ceramic,YAGEO,CC0402KRX7R8BB104,SMD CAP Ceramic 100nF-25V-10%-X7R;0402,-55°C to 125°C
46,1,C91,,330pF,"50V,X7R",C0402,302010025,Ceramic,YAGEO,CC0402KRX7R9BB331,SMD CAP Ceramic 330pF-50V-10%-X7R;0402,-55°C to 125°C
47,4,"C321,C322,C350,C351",,27pF,"50V,NPO",C0402,302010027,Ceramic,YAGEO,CC0402JRNPO9BN270,SMD CAP Ceramic 27pF-50V-5%-NPO;0402,-55°C to 125°C
48,41,"C19,C66,C94,C112,C124,C136,C153,C191,C200,C213,C227,C230,C248,C256,C262,C263,C266,C271,C275,C287,C290,C291,C293,C294,C299,C303,C304,C305,C314,C352,C354,C363,C370,C378,C383,C386,C390,C399,C463,C499,C541",,1uF,"10V,X5R",C0402,302010040,Ceramic,YAGEO,CC0402KRX5R6BB105,SMD CAP Ceramic 1uF-10V-10%-X5R;0402,-55°C to 85°C
49,4,"C325,C335,C527,C529",,12pF,"50V,NPO",C0402,302010049,Ceramic,YAGEO,CC0402JRNPO9BN120,SMD CAP Ceramic 12pF-50V-5%-NPO;0402,-55°C to 125°C
50,27,"C15,C20,C25,C26,C27,C28,C29,C39,C40,C41,C42,C43,C68,C93,C453,C482,C483,C484,C485,C486,C487,C489,C490,C491,C492,C493,C494",,2.2uF,"10V,X7R",C0603,302010054,Ceramic,YAGEO,CC0603KRX7R6BB225,SMD CAP Ceramic 2.2uF-10V-10%-X7R;0603,-55°C to 125°C
51,23,"C113,C149,C186,C211,C226,C238,C254,C283,C284,C285,C329,C330,C360,C364,C365,C372,C379,C382,C389,C401,C421,C427,C543",,4.7uF,"10V,X5R",C0603,302010111,Ceramic,YAGEO,CC0603KRX5R6BB475,SMD CAP Ceramic 4.7uF-10V-10%-X5R;0603,-55°C to 85°C
52,15,"C37,C45,C47,C87,C109,C120,C148,C276,C300,C301,C349,C369,C387,C446,C447",,22uF,"6.3V,X5R",C0805,302010171,Ceramic,YAGEO,CC0805MKX5R5BB226,SMD CAP Ceramic 22uF-6.3V-20%-X5R;0805,-55°C to 85°C
53,15,"C343,C344,C346,C404,C428,C429,C430,C442,C451,C452,C457,C466,C469,C470,C475",,470nF,"10V,X5R",C0402,302010232,Ceramic,YAGEO,CC0402KRX5R6BB474,SMD CAP Ceramic 470nF-10V-10%-X5R;0402,-55°C to 85°C
54,1,C495,,4.7nF,"50V,X7R",C0402,302010261,Ceramic,YAGEO,CC0402KRX7R9BB472,SMD CAP Ceramic;4.7nF-50V-10%-X7R;0402,-55°C to 125°C
55,207,"C4,C7,C31,C38,C48,C51,C54,C63,C64,C67,C72,C76,C78,C81,C83,C84,C106,C111,C115,C116,C118,C122,C123,C127,C128,C130,C131,C133,C134,C137,C138,C139,C140,C141,C144,C145,C146,C147,C150,C152,C154,C155,C156,C157,C158,C159,C160,C161,C162,C163,C165,C166,C167,C168,C170,C171,C172,C173,C175,C176,C178,C179,C180,C181,C182,C183,C184,C187,C189,C190,C192,C193,C194,C196,C197,C198,C199,C201,C202,C203,C204,C205,C206,C208,C209,C210,C212,C214,C215,C216,C217,C218,C220,C221,C222,C223,C224,C225,C228,C229,C231,C232,C233,C234,C235,C236,C237,C239,C241,C242,C244,C245,C246,C247,C249,C251,C252,C253,C255,C257,C258,C259,C260,C261,C264,C265,C267,C268,C269,C270,C272,C273,C274,C277,C279,C286,C288,C289,C292,C295,C296,C297,C298,C302,C306,C307,C308,C309,C310,C313,C316,C317,C318,C319,C320,C323,C324,C342,C348,C353,C355,C356,C357,C358,C359,C361,C371,C380,C381,C384,C385,C394,C396,C397,C398,C402,C408,C409,C414,C419,C433,C439,C440,C445,C449,C456,C459,C462,C472,C478,C480,C481,C496,C510,C511,C520,C522,C523,C530,C540,C542,C545,C547,C550,C552,C554,C556",,100nF,"10V,X5R",C0201,302010271,Ceramic,YAGEO,CC0201KRX5R6BB104,SMD CAP Ceramic 100nF-10V-10%-X5R;0201,-55°C to 85°C
56,30,"C49,C50,C55,C56,C57,C58,C59,C60,C61,C65,C69,C70,C73,C77,C79,C82,C85,C89,C90,C97,C98,C99,C100,C103,C311,C327,C337,C460,C468,C498",,10nF,"16V,X7R",C0201,302010431,Ceramic,YAGEO,CC0201KRX7R7BB103,SMD CAP Ceramic 10nF-16V-10%-X7R;0201,-55°C to 125°C
57,1,C96,,120nF,"16V,X7R",C0603,302010781,Ceramic,Murata,GRM188R71C124KA01D,SMD CAP Ceramic 120nF-16V-10%-X7R;0603,-55°C to 125°C
58,1,C88,,0.015uF,"16V,X7R",C0402,302011139,Ceramic,Murata,GRM155R71C153KA01D,SMD CAP Ceramic 0.015uF-16V-10%-X7R;0402,-55°C to 125°C
59,42,"C2,C5,C12,C13,C17,C18,C21,C22,C23,C33,C34,C52,C53,C278,C312,C315,C326,C336,C339,C405,C407,C434,C443,C476,C488,C497,C501,C502,C507,C508,C509,C512,C513,C516,C517,C521,C525,C526,C549,C551,C553,C555",,10uF,"16V,X7R",C0805,302011546,Ceramic,YAGEO,CC0805MKX7R7BB106,SMD CAP Ceramic 10uF-16V-20%-X7R;0805,-55°C to 125°C
60,4,"C8,C44,C458,C467",,100uF,"10V,X5R",C1210,302011571,Ceramic,YAGEO,CC1210MKX5R6BB107,SMD CAP Ceramic 100uF-10V-20%-X5R;1210,-55°C to 85°C
61,28,"C3,C9,C10,C14,C16,C24,C30,C32,C35,C46,C62,C71,C74,C75,C80,C105,C464,C465,C500,C503,C505,C506,C514,C515,C518,C519,C524,C528",,47uF,"10V,X5R",C1206,302011605,Ceramic,YAGEO,CC1206MKX5R6BB476,SMD CAP Ceramic 47uF-10V-20%-X5R;1206,-55°C to 85°C
62,1,C6,,1nF,"2KV,X7R",C1206,302011962,Ceramic,YAGEO,CC1206KKX7RDBB102,SMD CAP Ceramic 1nF-2kV-10%-X7R;1206,-55°C to 125°C
63,27,"C101,C119,C121,C125,C126,C129,C132,C135,C143,C151,C164,C174,C177,C185,C188,C368,C373,C375,C377,C531,C532,C533,C534,C535,C536,C537,C538",,220nF,"10V,X5R",C0201,302012841,Ceramic,YAGEO,CC0201KRX5R6BB224,SMD CAP Ceramic;220nF-10V-10%-X5R;0201,-55°C to 85°C
64,1,C546,,4.7uF,"16V,X5R",C1210,302012979,Ceramic,YAGEO,CC1210KKX5R7BB475,SMD CAP Ceramic 4.7uF-16V-10%-X5R;1210,-55°C to 85°C
65,2,"C142,C388",,150uF,"10V,Tantalum",AVX_C,302020529,Tantalum,XIANGYEE,CA45-C010K157T,SMD CAP Tantalum 150uF-10V-10%;C,-55°C to 125°C
66,1,L15,,0.47uH,10.2A,L4242,303011529,Inductor,CODACA,CSHB0421-R47M ,SMD Power Inductor 0.47uH-20%-10.2A;2P-4.4*4.4*1.9MM,-40°C to 125°C
67,10,"L16,L17,L18,L19,L20,L21,L22,L23,L24,L25",,0.47uH,4.9A,L1008,303011635,Inductor,TDK,TFM252012ALMAR47MTAA,SMD Inductor;0.47uH-20%-4.9A-2.5*2.0*1.2mm,-55°C to 150°C
68,1,L2,,1.8uH,21A,L7572_xal7070,303011641,Inductor,Coilcraft,XAL7070-182MEC,SMD Inductor;1.8uH-20%-21A-7.5*7.2*7mm,-40°C to 125°C
69,25,"FL1,FL2,FL3,FL4,FL5,FL6,FL7,FL8,FL10,FL11,FL12,FL13,FL14,FL15,FL16,FL17,FL18,FL19,FL20,FL21,FL22,FL23,FL24,FL25,FL26",,120R,2A,L0603,303030024,Ferrite Bead,Murata,BLM18PG121SN1D,SMD Ferrite Bead;120R-2A;0603,-55°C to 125°C
70,18,"L1,L3,L4,L5,L6,L7,L8,L9,L10,L11,L12,L13,L14,L26,L27,L28,L29,L30",,90R,280mA,L2012,303050266,Common Mode Filter,Murata,DLW21SN900HQ2L,SMD Common Mode Chokes 90R-280mA;L2.0*W1.2*H1.4mm,-40°C to 85°C
71,3,"D41,D50,D51",,PMEG3010CEJ,1A,SOD_323,304020022,Diode,Nexperia,"PMEG3010CEJ,115",SMD Diode Schottky 30V-1A;SOD-323F,-65°C to 150°C
72,2,"D20,D21",,B130L-13-F,"30V,1A",DO_214AC_SMA,304020024,Schottky Diode,Diodes,B130L-13-F,SMD Diode Schottky 30V-1A;DO-214AC,-55°C to 125°C
73,1,D7,,6.8V,250mW,SOT23,304030608,Zener Diode,ON,BZX84C6V8LT1G,SMD Diode Zener 6.8V-250mW;SOT23-3,-65°C to 150°C
74,10,"D6,D8,D9,D10,D11,D12,D36,D37,D38,D39",,TPD1E05U06DPYR,5.5V,D0402_1C2A,304050675,ESD,TI,TPD1E05U06DPYR,"SMD Diode ESD;0.4pF,5.5V,±12kV;X1SON(2),0402",-40°C to 125°C
75,22,"D1,D2,D3,D4,D19,D22,D23,D24,D25,D26,D27,D28,D29,D30,D31,D32,D33,D34,D35,D48,D49,D52",,TPD1E1B04DPYR,3.6V,D0402,304050798,ESD,TI,TPD1E1B04DPYR,SMD TVS DIODE 3.6V-6.4V-1pF;X1SON(2),-40°C to 125°C
76,2,"U13,U17",,TPD4E05U06DQAR,5.5V,uson10_0d5_2d5x1x0d5mm,304060294,ESD,TI,TPD4E05U06DQAR,"SMD Diode Array ESD;4 Channel,6 Gbps,5.5V;USON-10",-40°C to 125°C
77,14,"D5,D13,D14,D15,D16,D17,D18,D40,D42,D43,D44,D45,D46,D47",,ESD122DMXR,3.6V,x2son3_0d3_0_6x1x0_4mm,304060334,ESD,TI,ESD122DMXR,"SMD Diode ESD;0.2pF,±3.6V,±18kV,2-CH For USB Type-C and HDMI 2.0;X2SON (3)",-40°C to 125°C
78,6,"LED1,LED2,LED3,LED4,LED5,LED6",,Green,,LED0603,304090043,LED,Everlight,19-217/G7C-AN1P2/3T,SMD LED Clear-Green;LED-0603,-40°C to 85°C
79,3,"Q4,Q5,Q6",,BSS138W,50V 200mA,SOT-323-3,305030000,NMOS,Diodes,BSS138W-7-F,SMD MOSFET N-CH 50V-200mA;SOT-323-3,-55°C to 150°C
80,1,Q1,,IRLML6402TRPBF,"20V,3.7A",sot23,305031060,PMOS,Infineon,IRLML6402TRPBF,SMD MOSFET P-CH 20V-3.7A;SOT-23,-55°C to 150°C
81,1,Q3,,CSD17308Q3,"30V,50A",vson8_0d65_3_3x3_3x1mm,305031301,NMOS,TI,CSD17308Q3,"SMD MOSFET N-CH;30V-50A,11.8 mOhm;VSON 3.3*3.3mm",-55°C to 150°C
82,1,Q2,,CSD17575Q3,"30V,60A",vson8_0d65_3_3x3_3x1mm,305031302,NMOS,TI,CSD17575Q3,"SMD MOSFET N-CH;30V-60A,3.2 mOhm;VSON 3.3*3.3mm",-55°C to 150°C
83,1,X5,,32.768kHz 12.5pF,20ppm,X2_SMD_3_2X1_5MM,306010138,Crystal,EPSON,FC-135 32.7680KA-A3,SMD Crystal 32.768KHz-12.5pF-20ppm-2P-3.2*1.5*0.9mm,-40°C to 85°C
84,1,X1,,25MHz 18pF,20ppm,x4_smd_2_5x2_0mm,306011049,Crystal,Interquip,5ZAA25000182TFA0Q3,SMD Crystal;25MHz-18pF-20ppm;SMD-2520-4P-L2.5*W2.0*H0.6mm,-40°C to 85°C
85,1,X4,,24MHz 18pF,20ppm,X4-SMD-3_2X2_5X1_0MM,306011063,Crystal,Interquip,5YAA24000182TF50Q3,SMD Crystal 24MHz-18pF-20ppm;4P-SMD-L3.2*W2.5*H0.8mm,-40°C to 85°C
86,1,X2,,19.2000MHz 8PF,20ppm,x4_smd_2_5x2_0mm,306011203,Crystal,Interquip,5ZAA19200082TF70Q3,SMD Crystal;19.2000MHz-8PF-70R-20ppm-30ppm-4P-2.5*2.0*0.6mm,-40°C to 85°C
87,1,X3,,22.5792MHz 8PF,20ppm,x4_smd_2_5x2_0mm,306011204,Crystal,Interquip,5ZAA22579082TF70Q3,SMD Crystal;22.5792MHz-8PF-70R-20ppm-30ppm-4P-2.5*2.0*0.6mm,-40°C to 85°C
88,12,"C86,C95,C341,C416,C422,C426,C437,C441,C444,C454,C461,C479",,10uF,"4V,4A",EMIFIL_0603_3P,306050550,EMIFIL,Murata,NFM18HC106D0G3L,SMD Feed Through Capacitor(Filters);10uF-20%-DC 4V-4A-20mOhm;0603,-55°C to 125°C
89,32,"C108,C110,C117,C169,C195,C207,C219,C250,C280,C338,C340,C345,C347,C367,C374,C392,C393,C410,C412,C413,C415,C417,C418,C431,C432,C435,C436,C438,C471,C473,C474,C477",,1uF,"4V,2A",EMIFIL_0402_3P,306050551,EMIFIL,Murata,NFM15HC105D0G3D,SMD Feed Through Capacitor(Filters);1uF-20%-DC 4V-2A-30mOhm;0402,-55°C to 125°C
90,1,U15,,DP83867CRRGZR,1000Mbps,qfn48_0d5_7x7mm,310011319,Transceiver,TI,DP83867CRRGZR,SMD IC PHY;10/100/1000 Ethernet Physical Layer Transceiver;VQFN-48,0°C to 70°C
91,1,U19,,TDA4VM88TGBALFR,,fcbga827_0d8_24x24x2_8mm,310011438,MPU,TI,TDA4VM88TGBALFR,SMD IC MPU;Processors for ADAS and Autonomous Vehicle;FCBGA (827),-40°C to 125°C
92,1,U23,,TPS22965DSGR,6A,WSON8_0D5_2X2X0_8MM,310031694,Power Switch,TI,TPS22965DSGR,SMD IC PMIC;LOAD-SWITCH-6A-8WSON,-40°C to 105°C
93,2,"U9,U18",,TPS74801DRCR,,vson10_0d5_3x3x1mm,310031697,LDO,TI,TPS74801DRCR,SMD IC PMIC;LDO-ADJ-1.5A;VSON-10,-40°C to 125°C
94,1,U4,,TPS2561DRCR,2.5A,vson10_0d5_3x3x1mm,310031700,Power Switch,TI,TPS2561DRCR,SMD IC PMIC;Dual Channel Current-limited Power Switches 2.5A;SON-10,-40°C to 125°C
95,1,U10,,TPS3808G33DBVR,3.3V,sot23_6,310031703,Reset IC,TI,TPS3808G33DBVR,SMD IC PMIC;Programmable-Delay Supervisory Circuit 3.3V;SOT23-6,-40°C to 125°C
96,1,U1,,TPS2121RUXR,"2.8V-22V,4.5A",vqfn12_0d5_2x2_5x1mm,310032001,Power Switch,TI,TPS2121RUXR,SMD IC Priority Power MUX;2.8V-22V 4.5A;VQFN-12,-40°C to 125°C
97,1,U3,,LM5141RGER,,vqfn24_0d5_4x4x1mm,310032354,DCDC,TI,LM5141RGER,"SMD IC DCDC;Synchronous Buck Controller,External Switch,3.8V to 65V;QFN24",-40°C to 125°C
98,1,U22,,TPS2553DBVR,,sot23_6,310032355,Power Switch,TI,TPS2553DBVR,"SMD IC PMIC;75mA to 1.5A adjustable limit,2.5 to 6.5V high-enable power switch,85 mΩ;SOT23-6",-40°C to 85°C
99,1,U5,,TPS22918DBVR,"5.5V,2A",sot23_6,310032357,Power Switch,TI,TPS22918DBVR,"SMD IC Load Switch;1V to 5.5V,2A,52mOhm;SOT-23-6",-40°C to 105°C
100,1,U28,,TPS62813QWRWYRQ1,3A,vqfnhr9_0d55_3x2x1mm,310032371,DCDC,TI,TPS62813QWRWYRQ1,"SMD IC PMIC;DCDC;Automotive 2.75V to 6V, 3-A step-down converter with fixed Fsw and SYNC;VQFN 3mm*2mm",-40°C to 125°C
101,1,U29,,TPS65941111RWERQ1,2.8V to 5.5V,vqfn56_0d5_8x8x0_9mm,310032382,PMIC,TI,TPS65941111RWERQ1,"SMD IC PMIC;Automotive,2.8V to 5.5V,5 buck & 4 LDO;VQFNP (56)",-40°C to 125°C
102,1,U30,,TPS65941213RWERQ1,2.8V to 5.5V,vqfn56_0d5_8x8x0_9mm,310032383,PMIC,TI,TPS65941213RWERQ1,"SMD IC PMIC;Automotive,2.8V to 5.5V,5 buck & 4 LDO;VQFNP (56)",-40°C to 125°C
103,2,"U31,U33",,SN74LVC2G241DCUR,,U_8_DCU,310050078,Buffer,TI,SN74LVC2G241DCUR,SMD IC Logic;Dual Buffer/Driver With 3-State Outputs;US8(8-VFSOP),-40°C to 125°C
104,3,"U11,U12,U27",,SN74LVC1G07DCKR,,DCK5_2P15X1P4,310050079,Buffer,TI,SN74LVC1G07DCKR,SMD IC Logic;Single Buffer/Driver With Open-Drain Output;SC-70-5,-40°C to 125°C
105,1,U2,,TXS0104ERGYR,,qfn14_0d5_3_5x3_5x1mm,310050790,Buffer,TI,TXS0104ERGYR,SMD IC Logic;4-bit bidirectional voltage-level shifter for open-drain and push-pull application;14-VFQFN,-40°C to 85°C
106,2,"U6,U16",,SN74LVC1G08DCKR,,DCK5_2P15X1P4,310050811,Buffer,TI,SN74LVC1G08DCKR,SMD IC Logic;Single 2-Input Positive-AND Gate;SC70-5,-40°C to 125°C
107,1,U14,,SN74LVC2G74DCUR,,so8_0d5_2_3x2x0_9mm,310051070,Flip-Flop,TI,SN74LVC2G74DCUR,SMD IC Logic;D-Type Flip-Flop;US8,-40°C to 125°C
108,1,U24,,SN74LVC1G17DCKR,,sc70_5,310051133,Schmitt-Trigger Buffer,TI,SN74LVC1G17DCKR,SMD IC Logic;Single Schmitt-Trigger Buffer-SC-70-5,-40°C to 85°C
109,1,U21,,TUSB322IRWBR,,x2qfn12_0d4_1_6x1_6x0_4mm,310051210,Type C CC,TI,TUSB322IRWBR,"SMD IC Logic;USB Type-C Configuration Channel Logic and Port Control with VCONN,IIC Control;X2QFN(12)",-40°C to 85°C
110,1,U8,,MAX6817EUT+T,,sot23_6,310070047,Debouncers,Maxim,MAX6817EUT+T,"SMD IC Interface;±15kV ESD-Protected,Dual CMOS Switch Debouncers;SOT23-6",-40°C to 125°C
111,1,U20,,TUSB8041RGCR,,qfn64_0d5_9x9x1mm,310070813,USB3.0 HUB,TI,TUSB8041RGCR,"SMD IC Interface,4-port 5-Gbps SuperSpeed USB 3.0 hub;VQFN-64",0°C to 70°C
112,1,U26,,EMMC16G-TB29-PZ90,,BGA153_P14_P5_11P5X13,310091085,eMMC,Kingston,EMMC16G-TB29-PZ90,SMD IC Memory;16GB eMMC 5.1;VFBGA-153,-25°C to 85°C
113,1,U25,,Q3222PM1WDGTK-U,3200Mbps,bga200_0d65_15x10x1mm,310091190,LPDDR4,Kingston,Q3222PM1WDGTK-U,SMD IC Memory;LPDDR4 4GB(16bits x 2 channels) 1600MHz 3200Mbps;WFBGA-200 (10X14.5),-25℃ to 85℃
114,1,U7,,24FC04HT-I/OT,,sot23-5,310091246,EEPROM,Microchip,24FC04HT-I/OT,"SMD IC Memory;IIC Serial EEPROM with WP,4Kbit,1.7V to 5.5V,1MHz;SOT-23-5",-40°C to 85°C
115,1,U34,,SN74CBTLV1G125DBVR,3.3V,SOT23-5,310100607,Switch,TI,SN74CBTLV1G125DBVR,"SMD IC Switch;3.3V,1:1 (SPST),1-Channel FET Bus Switch;SOT-23-5",-40°C to 85°C
116,1,U32,,TXB0108RGYR,,VQFN-20,310990884,Buffer,TI,TXB0108RGYR,"SMD IC Level Shifter, 8-bit, 20-UQFN",-40°C to 85°C
117,3,"SW1,SW2,SW3",,Tactile Switch,,SW_4P,311020009,Tactile Switch,ALPS,SKRPADE010,SMD Top Button 4N;4P-L4.6*W3.2*H2.5mm,-20°C to 70°C
118,1,PCB1,,BeagleBone AI-64_PCB,,NA,319015025,PCB,,102.5*80*2.0mm-Immersion Gold-FR4,"PCB;BeagleBone AI-64_Rev B1-White Soldermask,Black Silkscreen-14 Layers",
119,1,J8,,UAA111C-84161-4H,,USB3_1_2d0_17_5x13_6x15_69mm,320011000,USB,FOXCONN,UAA111C-84161-4H,"DIP USB - A,Stacked USB 3.0-R/A;18+4P",-55°C to 85°C
120,1,J7,,3VM11201-D730-7H,,DP20_0d6_9_8x11_8x5_9mm,320011138,Display Port,FOXCONN,3VM11201-D730-7H,SMD+DIP Mini Display Port;20P+4-L11.81*W9.85*H5.90mm-90D,-40°C to 85°C
121,1,J5,,UBF31-2347-1,,usb_mtconn_ubf31-2347-1,320011158,Type C,MTCONN,UBF31-2347-1,"SMD+DIP USB Type-C;Female,Full Pin,Flat Insert;24P-10*10.1*3.16mm",-55°C to 85°C
122,1,J1,,Header 4P 1.25MM,,header4_2p_1d25_smd_10x5_3x3_6mm,320030684,Header,SINOTOP,1.25T-1-4A,SMD Female Header-White;4P-1.25mm-L10.05*5.3*3.6mm-90D,-40°C to 85°C
123,2,"J2,J3",,B3B-ZR(LF)(SN),,con3b35x60,320031246,Header,JST,B3B-ZR(LF)(SN),DIP Female Header-Natural;3P-1.5mm,-25°C to 85°C
124,1,P8,,Header 2x23 2.54mm,,HEADER2X23P_2D54_SMD_PTH,320031344,Header,SINOTOP,ST-FH-254-0182-2*23,SMD+DIP Black Female Header;2*23P-2.54*8.5-3.0mm,-40°C to 105°C
125,1,P9,,Header 2x25 2.54mm,,HEADER2X25P_2D54_SMD_PTH,320031345,Header,SINOTOP,ST-FH-254-0182-2*25,SMD+DIP Black Female Header;2*25P-2.54*8.5-3.0mm,-40°C to 105°C
126,3,"J13,J15,J16",,FPC 22P 0.5mm,,fpc22_0d5_15_4x5_25x2mm_0d5_dx_npwb,320060764,FPC Connector,SHENZHEN BEST,0.5K-DX-22PWB,SMD FPC CONN;22P-0.5mm-90D-Bottom Contact-L16.40*W5.25*H2.00mm,-25°C to 85°C
127,1,J12,,YL004-030-001,,MICRO_SD_15x14_3x1_8mm,320090416,SD Card,YuLiang,YL004-030-001,"SMD SD Card Holder;Reverse-Bottom,8P-14.3*16mm",-20°C to 85°C
128,1,J4,,AS0BC27-S40BE-7H,,CON_MINIPEX_067_SMT_RA_M2_KEYE_C,320111630,M.2,FOXCONN,AS0BC27-S40BE-7H,SMD Connector Black m.2 E-key;67P-0.5mm,-40°C to 80°C
129,1,J6,,DC630-20D01,,conn3-pwr-dc630,320120067,Power Jack,MTCONN,DC630-20D01,DIP DC Power Jack;3P-2.0-6.3mm;L9*14.7*H11mm,-40°C to 85°C
130,1,J9,,LPJG0933HENL,,rj45_18p_LPJG0801HBNL,320140497,RJ45,LINK-PP,LPJG0933HENL,"DIP RJ45;1000M,Integrated Magnetics,G/Y 2 LEDs,Right Angle,Voltage Type;16+2P-21.25*15.93*13.3mm",0°C to 70°C
131,1,J10,,Header 2x8 1.27mm,,header2x8_smd_1d27,320150353,Header,SINOTOP,ST-BF-127-2x8A-C,SMD Box Header with 3 slots;2*8P-1.27mm,-40°C to 105°C
132,1,MH8_SW,,Screw,,NA,326020442,Screw,,,Screw; Machine screw-CM2xH3mm-iron-black,
133,1,MH8,,2E0BC21-A40TP-7H,,PTH_4_2MM_5D8,326050927,Stud,FOXCONN,2E0BC21-A40TP-7H,"SMD Stud;M2 screw bolt, D5.5x2.45mm",
134,4,"MH4,MH5,MH6,MH7",,SMSR3066MTJ,D6*1MM+D4.2*6.6MM,PTH_4_45mm_6d5,326050947,STUD,Sinhoo,SMSR3066MTJ,"SMD Stud; M3 screw bolt, D6*1MM+D4.2*6.6MM, tinned iron, mylar covered",
135,1,Label 2,,SN Label,,NA,327131816,SN Label,,,SN label;300°C Resistance-7*14mm,
136,1,Label 1,,DC 5V Label,,NA,327132464,5V Label,,,DC label;5V-25#-12*8mm,